[
  {"name":"Farina 00","category":"secco","unitDefault":"kg"},
  {"name":"Farina Manitoba","category":"secco","unitDefault":"kg"},
  {"name":"Semola rimacinata","category":"secco","unitDefault":"kg"},
  {"name":"Riso Carnaroli","category":"secco","unitDefault":"kg"},
  {"name":"Pasta di semola spaghetti","category":"secco","unitDefault":"kg"},
  {"name":"Pasta rigatoni","category":"secco","unitDefault":"kg"},
  {"name":"Pasta fusilli","category":"secco","unitDefault":"kg"},
  {"name":"Pane grattugiato","category":"secco","unitDefault":"kg"},
  {"name":"Panko","category":"secco","unitDefault":"kg"},
  {"name":"Zucchero semolato","category":"secco","unitDefault":"kg"},
  {"name":"Zucchero a velo","category":"secco","unitDefault":"kg"},
  {"name":"Cacao amaro","category":"secco","unitDefault":"kg"},
  {"name":"Lievito di birra fresco","category":"secco","unitDefault":"pz"},
  {"name":"Bicarbonato","category":"secco","unitDefault":"kg"},
  {"name":"Sale grosso","category":"spezie","unitDefault":"kg"},
  {"name":"Sale fino","category":"spezie","unitDefault":"kg"},
  {"name":"Pepe nero macinato","category":"spezie","unitDefault":"kg"},
  {"name":"Pepe bianco","category":"spezie","unitDefault":"kg"},
  {"name":"Paprika dolce","category":"spezie","unitDefault":"kg"},
  {"name":"Paprika affumicata","category":"spezie","unitDefault":"kg"},
  {"name":"Curry","category":"spezie","unitDefault":"kg"},
  {"name":"Cumino","category":"spezie","unitDefault":"kg"},
  {"name":"Noce moscata","category":"spezie","unitDefault":"pz"},
  {"name":"Cannella in stecche","category":"spezie","unitDefault":"pz"},
  {"name":"Olio EVO","category":"latticini","unitDefault":"l"},
  {"name":"Olio di girasole","category":"latticini","unitDefault":"l"},
  {"name":"Olio di arachide","category":"latticini","unitDefault":"l"},
  {"name":"Aceto di vino bianco","category":"latticini","unitDefault":"l"},
  {"name":"Aceto di vino rosso","category":"latticini","unitDefault":"l"},
  {"name":"Aceto balsamico IGP","category":"latticini","unitDefault":"l"},
  {"name":"Salsa di soia","category":"conserve","unitDefault":"l"},
  {"name":"Salsa worcester","category":"conserve","unitDefault":"l"},
  {"name":"Tabasco","category":"conserve","unitDefault":"pz"},
  {"name":"Concentrato di pomodoro","category":"conserve","unitDefault":"kg"},
  {"name":"Polpa di pomodoro","category":"conserve","unitDefault":"latta"},
  {"name":"Pomodori pelati","category":"conserve","unitDefault":"latta"},
  {"name":"Tonno in olio","category":"conserve","unitDefault":"latta"},
  {"name":"Acciughe in olio","category":"conserve","unitDefault":"latta"},
  {"name":"Capperi sotto sale","category":"conserve","unitDefault":"kg"},
  {"name":"Olive taggiasche","category":"conserve","unitDefault":"kg"},
  {"name":"Miele millefiori","category":"conserve","unitDefault":"kg"},
  {"name":"Senape di Digione","category":"conserve","unitDefault":"kg"},
  {"name":"Maionese","category":"conserve","unitDefault":"kg"},
  {"name":"Gelatina in fogli","category":"secco","unitDefault":"pz"},
  {"name":"Agar agar","category":"secco","unitDefault":"g"},
  {"name":"Amido di mais","category":"secco","unitDefault":"kg"},
  {"name":"Panna UHT 35%","category":"latticini","unitDefault":"l"},
  {"name":"Latte intero UHT","category":"latticini","unitDefault":"l"},
  {"name":"Burro 82% non salato","category":"latticini","unitDefault":"kg"},
  {"name":"Parmigiano Reggiano 24m","category":"latticini","unitDefault":"kg"},
  {"name":"Grana Padano","category":"latticini","unitDefault":"kg"},
  {"name":"Pecorino Romano","category":"latticini","unitDefault":"kg"},
  {"name":"Mascarpone","category":"latticini","unitDefault":"kg"},
  {"name":"Ricotta vaccina","category":"latticini","unitDefault":"kg"},
  {"name":"Yogurt naturale intero","category":"latticini","unitDefault":"kg"},
  {"name":"Acqua naturale 0,5L","category":"beverage","unitDefault":"box"},
  {"name":"Acqua frizzante 0,5L","category":"beverage","unitDefault":"box"},
  {"name":"Acqua naturale 1,5L","category":"beverage","unitDefault":"box"},
  {"name":"Vino bianco sfuso (cucina)","category":"beverage","unitDefault":"l"},
  {"name":"Vino rosso sfuso (cucina)","category":"beverage","unitDefault":"l"},
  {"name":"Birra chiara 33cl","category":"beverage","unitDefault":"box"},
  {"name":"Succo di limone","category":"beverage","unitDefault":"l"},
  {"name":"Caffè in grani","category":"beverage","unitDefault":"kg"},
  {"name":"Piatti fondi carta","category":"monouso","unitDefault":"box"},
  {"name":"Piatti piani carta","category":"monouso","unitDefault":"box"},
  {"name":"Bicchieri plastica 200ml","category":"monouso","unitDefault":"box"},
  {"name":"Forchette monouso","category":"monouso","unitDefault":"box"},
  {"name":"Coltelli monouso","category":"monouso","unitDefault":"box"},
  {"name":"Cucchiaini monouso","category":"monouso","unitDefault":"box"},
  {"name":"Contenitori GN 1/1 polipropilene","category":"monouso","unitDefault":"pz"},
  {"name":"Contenitori GN 1/2","category":"monouso","unitDefault":"pz"},
  {"name":"Pellicola alimentare 45cm","category":"packaging","unitDefault":"pz"},
  {"name":"Carta forno 57cm","category":"packaging","unitDefault":"pz"},
  {"name":"Sacchi gelo 10L","category":"packaging","unitDefault":"box"},
  {"name":"Sacchi gelo 5L","category":"packaging","unitDefault":"box"},
  {"name":"Sacchi sottovuoto lisce","category":"packaging","unitDefault":"box"},
  {"name":"Sacchi sottovuoto goffrate","category":"packaging","unitDefault":"box"},
  {"name":"Scatole asporto pizza","category":"packaging","unitDefault":"box"},
  {"name":"Scatole asporto monoporzione","category":"packaging","unitDefault":"box"},
  {"name":"Vaschette alluminio 250ml","category":"packaging","unitDefault":"box"},
  {"name":"Etichette HACCP solubili","category":"packaging","unitDefault":"box"},
  {"name":"Rotolo termico 80mm (scontrini)","category":"packaging","unitDefault":"pz"},
  {"name":"Detersivo lavastoviglie","category":"detergenza","unitDefault":"l"},
  {"name":"Brillantante lavastoviglie","category":"detergenza","unitDefault":"l"},
  {"name":"Sale rigenerante lavastoviglie","category":"detergenza","unitDefault":"kg"},
  {"name":"Detersivo sgrassatore spray","category":"detergenza","unitDefault":"pz"},
  {"name":"Sanificante superfici alimentari","category":"detergenza","unitDefault":"l"},
  {"name":"Detersivo pavimenti","category":"detergenza","unitDefault":"l"},
  {"name":"Candeggina 5%","category":"detergenza","unitDefault":"l"},
  {"name":"Alcol etilico 70%","category":"detergenza","unitDefault":"l"},
  {"name":"Sapone mani HACCP","category":"detergenza","unitDefault":"l"},
  {"name":"Carta asciugamani interfogliata","category":"carta","unitDefault":"box"},
  {"name":"Rotoli carta cucina","category":"carta","unitDefault":"box"},
  {"name":"Carta velina 10kg","category":"carta","unitDefault":"box"},
  {"name":"Tovaglioli carta 33x33","category":"carta","unitDefault":"box"},
  {"name":"Guanti monouso nitrile M","category":"DPI","unitDefault":"box"},
  {"name":"Guanti monouso nitrile L","category":"DPI","unitDefault":"box"},
  {"name":"Mascherine chirurgiche","category":"DPI","unitDefault":"box"},
  {"name":"Copriscarpe monouso","category":"DPI","unitDefault":"box"},
  {"name":"Cuffiette monouso","category":"DPI","unitDefault":"box"}
]
