[
  { "id": "prot-001", "name": "Piccione royal",             "categoryKey": "proteine",    "defaultLocation": "fridge"  },
  { "id": "prot-002", "name": "Astice blu vivo",            "categoryKey": "proteine",    "defaultLocation": "fridge"  },
  { "id": "prot-003", "name": "Wagyu A5 lombo",             "categoryKey": "proteine",    "defaultLocation": "freezer" },
  { "id": "prot-004", "name": "Wagyu A5 filetto",           "categoryKey": "proteine",    "defaultLocation": "freezer" },
  { "id": "prot-005", "name": "Animelle di vitello",        "categoryKey": "proteine",    "defaultLocation": "fridge"  },
  { "id": "prot-006", "name": "Foie gras d'anatra",         "categoryKey": "proteine",    "defaultLocation": "fridge"  },
  { "id": "prot-007", "name": "Gallina faraona intera",     "categoryKey": "proteine",    "defaultLocation": "fridge"  },
  { "id": "prot-008", "name": "Quaglia disossata",          "categoryKey": "proteine",    "defaultLocation": "fridge"  },
  { "id": "prot-009", "name": "Coniglio intero",            "categoryKey": "proteine",    "defaultLocation": "fridge"  },
  { "id": "prot-010", "name": "Petto d'anatra magret",      "categoryKey": "proteine",    "defaultLocation": "fridge"  },
  { "id": "prot-011", "name": "Ossobuco di vitello",        "categoryKey": "proteine",    "defaultLocation": "fridge"  },
  { "id": "prot-012", "name": "Controfiletto manzo",        "categoryKey": "proteine",    "defaultLocation": "freezer" },
  { "id": "prot-013", "name": "Cervella di vitello",        "categoryKey": "proteine",    "defaultLocation": "fridge"  },
  { "id": "prot-014", "name": "Rognone di vitello",         "categoryKey": "proteine",    "defaultLocation": "fridge"  },
  { "id": "prot-015", "name": "Porceddu sardo",             "categoryKey": "proteine",    "defaultLocation": "fridge"  },

  { "id": "pesce-001", "name": "Rombo chiodato intero",     "categoryKey": "pesce",       "defaultLocation": "fridge"  },
  { "id": "pesce-002", "name": "Capesante Noirmoutier",     "categoryKey": "pesce",       "defaultLocation": "fridge"  },
  { "id": "pesce-003", "name": "Ricci di mare",             "categoryKey": "pesce",       "defaultLocation": "fridge"  },
  { "id": "pesce-004", "name": "Polpo verace",              "categoryKey": "pesce",       "defaultLocation": "fridge"  },
  { "id": "pesce-005", "name": "Branzino selvatico",        "categoryKey": "pesce",       "defaultLocation": "fridge"  },
  { "id": "pesce-006", "name": "Dentice rosa",              "categoryKey": "pesce",       "defaultLocation": "fridge"  },
  { "id": "pesce-007", "name": "Gambero rosso Mazara",      "categoryKey": "pesce",       "defaultLocation": "fridge"  },
  { "id": "pesce-008", "name": "Scampi vivi",               "categoryKey": "pesce",       "defaultLocation": "fridge"  },
  { "id": "pesce-009", "name": "Salmone selvaggio Alaska",  "categoryKey": "pesce",       "defaultLocation": "freezer" },
  { "id": "pesce-010", "name": "Anguilla di fiume",         "categoryKey": "pesce",       "defaultLocation": "fridge"  },
  { "id": "pesce-011", "name": "Tonnetto bonito",           "categoryKey": "pesce",       "defaultLocation": "fridge"  },
  { "id": "pesce-012", "name": "Vongole veraci",            "categoryKey": "pesce",       "defaultLocation": "fridge"  },
  { "id": "pesce-013", "name": "Ostriche fines de claire",  "categoryKey": "pesce",       "defaultLocation": "fridge"  },
  { "id": "pesce-014", "name": "Calamaretti spillo",        "categoryKey": "pesce",       "defaultLocation": "fridge"  },
  { "id": "pesce-015", "name": "Spigola di amo",            "categoryKey": "pesce",       "defaultLocation": "fridge"  },

  { "id": "verd-001", "name": "Topinambur",                 "categoryKey": "verdure",     "defaultLocation": "fridge"  },
  { "id": "verd-002", "name": "Scorzonera",                 "categoryKey": "verdure",     "defaultLocation": "fridge"  },
  { "id": "verd-003", "name": "Cavolo nero toscano",        "categoryKey": "verdure",     "defaultLocation": "fridge"  },
  { "id": "verd-004", "name": "Cime di rapa",               "categoryKey": "verdure",     "defaultLocation": "fridge"  },
  { "id": "verd-005", "name": "Carota di Polignano",        "categoryKey": "verdure",     "defaultLocation": "fridge"  },
  { "id": "verd-006", "name": "Sedano rapa",                "categoryKey": "verdure",     "defaultLocation": "fridge"  },
  { "id": "verd-007", "name": "Barbabietola rossa",         "categoryKey": "verdure",     "defaultLocation": "fridge"  },
  { "id": "verd-008", "name": "Finocchio di Taranto",       "categoryKey": "verdure",     "defaultLocation": "fridge"  },
  { "id": "verd-009", "name": "Puntarelle",                 "categoryKey": "verdure",     "defaultLocation": "fridge"  },
  { "id": "verd-010", "name": "Asparagi bianchi Bassano",   "categoryKey": "verdure",     "defaultLocation": "fridge"  },
  { "id": "verd-011", "name": "Asparagi verdi selvatici",   "categoryKey": "verdure",     "defaultLocation": "fridge"  },
  { "id": "verd-012", "name": "Rapa moviolana",             "categoryKey": "verdure",     "defaultLocation": "fridge"  },
  { "id": "verd-013", "name": "Zucchina trombetta",         "categoryKey": "verdure",     "defaultLocation": "fridge"  },
  { "id": "verd-014", "name": "Cardo gobbo",                "categoryKey": "verdure",     "defaultLocation": "fridge"  },
  { "id": "verd-015", "name": "Fungo porcino fresco",       "categoryKey": "verdure",     "defaultLocation": "fridge"  },
  { "id": "verd-016", "name": "Tartufo nero Norcia",        "categoryKey": "verdure",     "defaultLocation": "fridge"  },
  { "id": "verd-017", "name": "Tartufo bianco Alba",        "categoryKey": "verdure",     "defaultLocation": "fridge"  },
  { "id": "verd-018", "name": "Cicoria selvatica",          "categoryKey": "verdure",     "defaultLocation": "fridge"  },

  { "id": "erbe-001", "name": "Acetosella",                 "categoryKey": "erbe",        "defaultLocation": "fridge"  },
  { "id": "erbe-002", "name": "Borragine",                  "categoryKey": "erbe",        "defaultLocation": "fridge"  },
  { "id": "erbe-003", "name": "Fiori di zucca",             "categoryKey": "erbe",        "defaultLocation": "fridge"  },
  { "id": "erbe-004", "name": "Nasturzio fiori e foglie",   "categoryKey": "erbe",        "defaultLocation": "fridge"  },
  { "id": "erbe-005", "name": "Dragoncello fresco",         "categoryKey": "erbe",        "defaultLocation": "fridge"  },
  { "id": "erbe-006", "name": "Cerfoglio",                  "categoryKey": "erbe",        "defaultLocation": "fridge"  },
  { "id": "erbe-007", "name": "Erba cipollina",             "categoryKey": "erbe",        "defaultLocation": "fridge"  },
  { "id": "erbe-008", "name": "Timo limonato",              "categoryKey": "erbe",        "defaultLocation": "fridge"  },
  { "id": "erbe-009", "name": "Maggiorana fresca",          "categoryKey": "erbe",        "defaultLocation": "fridge"  },
  { "id": "erbe-010", "name": "Menta piperita",             "categoryKey": "erbe",        "defaultLocation": "fridge"  },
  { "id": "erbe-011", "name": "Levistico",                  "categoryKey": "erbe",        "defaultLocation": "fridge"  },
  { "id": "erbe-012", "name": "Fiori di aglio ursino",      "categoryKey": "erbe",        "defaultLocation": "fridge"  },
  { "id": "erbe-013", "name": "Basilico genovese DOP",      "categoryKey": "erbe",        "defaultLocation": "fridge"  },
  { "id": "erbe-014", "name": "Rosmarino selvatico",        "categoryKey": "erbe",        "defaultLocation": "dry"     },
  { "id": "erbe-015", "name": "Salvia fresca",              "categoryKey": "erbe",        "defaultLocation": "fridge"  },
  { "id": "erbe-016", "name": "Fiori di sambuco",           "categoryKey": "erbe",        "defaultLocation": "fridge"  },

  { "id": "latt-001", "name": "Burro Bordier demi-sel",     "categoryKey": "latticini",   "defaultLocation": "fridge"  },
  { "id": "latt-002", "name": "Burro chiarificato",         "categoryKey": "latticini",   "defaultLocation": "fridge"  },
  { "id": "latt-003", "name": "Panna cruda 40%",            "categoryKey": "latticini",   "defaultLocation": "fridge"  },
  { "id": "latt-004", "name": "Uova freschissime 0km",      "categoryKey": "latticini",   "defaultLocation": "fridge"  },
  { "id": "latt-005", "name": "Parmigiano 36 mesi",         "categoryKey": "latticini",   "defaultLocation": "fridge"  },
  { "id": "latt-006", "name": "Mozzarella di bufala DOP",   "categoryKey": "latticini",   "defaultLocation": "fridge"  },
  { "id": "latt-007", "name": "Stracciatella di bufala",    "categoryKey": "latticini",   "defaultLocation": "fridge"  },
  { "id": "latt-008", "name": "Ricotta di pecora",          "categoryKey": "latticini",   "defaultLocation": "fridge"  },
  { "id": "latt-009", "name": "Pecorino di Pienza",         "categoryKey": "latticini",   "defaultLocation": "fridge"  },
  { "id": "latt-010", "name": "Grana Padano 24 mesi",       "categoryKey": "latticini",   "defaultLocation": "fridge"  },
  { "id": "latt-011", "name": "Yogurt intero colato",       "categoryKey": "latticini",   "defaultLocation": "fridge"  },
  { "id": "latt-012", "name": "Kefir artigianale",          "categoryKey": "latticini",   "defaultLocation": "fridge"  },

  { "id": "cer-001",  "name": "Farro monococco macinato",   "categoryKey": "cereali",     "defaultLocation": "dry"     },
  { "id": "cer-002",  "name": "Semola Senatore Cappelli",   "categoryKey": "cereali",     "defaultLocation": "dry"     },
  { "id": "cer-003",  "name": "Riso Carnaroli Riserva",     "categoryKey": "cereali",     "defaultLocation": "dry"     },
  { "id": "cer-004",  "name": "Riso Vialone Nano",          "categoryKey": "cereali",     "defaultLocation": "dry"     },
  { "id": "cer-005",  "name": "Pasta di Gragnano secca",    "categoryKey": "cereali",     "defaultLocation": "dry"     },
  { "id": "cer-006",  "name": "Farina tipo 00",             "categoryKey": "cereali",     "defaultLocation": "dry"     },
  { "id": "cer-007",  "name": "Pane di Altamura DOP",       "categoryKey": "cereali",     "defaultLocation": "counter" },
  { "id": "cer-008",  "name": "Grissini artigianali",       "categoryKey": "cereali",     "defaultLocation": "dry"     },
  { "id": "cer-009",  "name": "Polenta bramata",            "categoryKey": "cereali",     "defaultLocation": "dry"     },

  { "id": "grass-001","name": "Olio EVO Frantoio Muraglia", "categoryKey": "grassi",      "defaultLocation": "dry"     },
  { "id": "grass-002","name": "Olio EVO taggiasca",         "categoryKey": "grassi",      "defaultLocation": "dry"     },
  { "id": "grass-003","name": "Lardo di Colonnata IGP",     "categoryKey": "grassi",      "defaultLocation": "fridge"  },
  { "id": "grass-004","name": "Guanciale Amatriciano",      "categoryKey": "grassi",      "defaultLocation": "fridge"  },
  { "id": "grass-005","name": "Pancetta tesa arrotolata",   "categoryKey": "grassi",      "defaultLocation": "fridge"  },
  { "id": "grass-006","name": "Nduja di Spilinga",          "categoryKey": "grassi",      "defaultLocation": "fridge"  },
  { "id": "grass-007","name": "Grasso d'anatra",            "categoryKey": "grassi",      "defaultLocation": "fridge"  },
  { "id": "grass-008","name": "Olio semi girasole HO",      "categoryKey": "grassi",      "defaultLocation": "dry"     },

  { "id": "ferm-001", "name": "Aceto Balsamico Tradizionale 25y","categoryKey": "fermentati","defaultLocation": "dry" },
  { "id": "ferm-002", "name": "Aceto vino bianco artigianale",   "categoryKey": "fermentati","defaultLocation": "dry" },
  { "id": "ferm-003", "name": "Koji di riso",              "categoryKey": "fermentati",  "defaultLocation": "dry"     },
  { "id": "ferm-004", "name": "Miso bianco shiro",         "categoryKey": "fermentati",  "defaultLocation": "fridge"  },
  { "id": "ferm-005", "name": "Miso rosso aka",            "categoryKey": "fermentati",  "defaultLocation": "fridge"  },
  { "id": "ferm-006", "name": "Garum di manzo",            "categoryKey": "fermentati",  "defaultLocation": "fridge"  },
  { "id": "ferm-007", "name": "Kombucha artigianale",      "categoryKey": "fermentati",  "defaultLocation": "fridge"  },
  { "id": "ferm-008", "name": "Salsa di soia tamari",      "categoryKey": "fermentati",  "defaultLocation": "dry"     },
  { "id": "ferm-009", "name": "Pasta di miso d'orzo",      "categoryKey": "fermentati",  "defaultLocation": "fridge"  },
  { "id": "ferm-010", "name": "Succo di limone fermentato","categoryKey": "fermentati",  "defaultLocation": "fridge"  },

  { "id": "spezie-001","name": "Pepe lungo Giava",         "categoryKey": "spezie",      "defaultLocation": "dry"     },
  { "id": "spezie-002","name": "Sumac",                    "categoryKey": "spezie",      "defaultLocation": "dry"     },
  { "id": "spezie-003","name": "Cardamomo verde",          "categoryKey": "spezie",      "defaultLocation": "dry"     },
  { "id": "spezie-004","name": "Pepe di Sichuan",          "categoryKey": "spezie",      "defaultLocation": "dry"     },
  { "id": "spezie-005","name": "Zafferano DOP L'Aquila",   "categoryKey": "spezie",      "defaultLocation": "dry"     },
  { "id": "spezie-006","name": "Vaniglia Tahiti",          "categoryKey": "spezie",      "defaultLocation": "dry"     },
  { "id": "spezie-007","name": "Sale di Maldon",           "categoryKey": "spezie",      "defaultLocation": "dry"     },
  { "id": "spezie-008","name": "Sale nero Hawaii",         "categoryKey": "spezie",      "defaultLocation": "dry"     },
  { "id": "spezie-009","name": "Fleur de sel Guerande",    "categoryKey": "spezie",      "defaultLocation": "dry"     },
  { "id": "spezie-010","name": "Cannella Ceylon",          "categoryKey": "spezie",      "defaultLocation": "dry"     },
  { "id": "spezie-011","name": "Noce moscata intera",      "categoryKey": "spezie",      "defaultLocation": "dry"     },
  { "id": "spezie-012","name": "Paprika affumicata",       "categoryKey": "spezie",      "defaultLocation": "dry"     },
  { "id": "spezie-013","name": "Curcuma fresca",           "categoryKey": "spezie",      "defaultLocation": "fridge"  },
  { "id": "spezie-014","name": "Polvere di bergamotto",    "categoryKey": "spezie",      "defaultLocation": "dry"     },

  { "id": "fond-001", "name": "Fondo bruno vitello",       "categoryKey": "fondi",       "defaultLocation": "fridge"  },
  { "id": "fond-002", "name": "Glace di carne ridotta",    "categoryKey": "fondi",       "defaultLocation": "fridge"  },
  { "id": "fond-003", "name": "Bisque di gamberi",         "categoryKey": "fondi",       "defaultLocation": "fridge"  },
  { "id": "fond-004", "name": "Dashi ichiban",             "categoryKey": "fondi",       "defaultLocation": "fridge"  },
  { "id": "fond-005", "name": "Brodo pollo chiarificato",  "categoryKey": "fondi",       "defaultLocation": "fridge"  },
  { "id": "fond-006", "name": "Fumetto di pesce",          "categoryKey": "fondi",       "defaultLocation": "fridge"  },
  { "id": "fond-007", "name": "Fondo di verdure",          "categoryKey": "fondi",       "defaultLocation": "fridge"  },
  { "id": "fond-008", "name": "Consomme di manzo",         "categoryKey": "fondi",       "defaultLocation": "fridge"  },

  { "id": "cant-001", "name": "Vino bianco Chablis 1er Cru","categoryKey": "cantina",   "defaultLocation": "dry"     },
  { "id": "cant-002", "name": "Vino rosso Barolo DOCG",    "categoryKey": "cantina",    "defaultLocation": "dry"     },
  { "id": "cant-003", "name": "Champagne brut N.V.",       "categoryKey": "cantina",    "defaultLocation": "fridge"  },
  { "id": "cant-004", "name": "Sake junmai daiginjo",      "categoryKey": "cantina",    "defaultLocation": "dry"     },
  { "id": "cant-005", "name": "Vermouth dry Noilly Prat",  "categoryKey": "cantina",    "defaultLocation": "dry"     },
  { "id": "cant-006", "name": "Cognac VS",                 "categoryKey": "cantina",    "defaultLocation": "dry"     },
  { "id": "cant-007", "name": "Marsala vergine",           "categoryKey": "cantina",    "defaultLocation": "dry"     },
  { "id": "cant-008", "name": "Porto tawny 20y",           "categoryKey": "cantina",    "defaultLocation": "dry"     },

  { "id": "cons-001", "name": "Agar agar",                 "categoryKey": "consumabili", "defaultLocation": "dry"     },
  { "id": "cons-002", "name": "Lecitina di soia",          "categoryKey": "consumabili", "defaultLocation": "dry"     },
  { "id": "cons-003", "name": "Maltodestrina Tapioca",     "categoryKey": "consumabili", "defaultLocation": "dry"     },
  { "id": "cons-004", "name": "Metilcellulosa",            "categoryKey": "consumabili", "defaultLocation": "dry"     },
  { "id": "cons-005", "name": "Xantana",                   "categoryKey": "consumabili", "defaultLocation": "dry"     },
  { "id": "cons-006", "name": "Gelatina oro 200 bloom",    "categoryKey": "consumabili", "defaultLocation": "dry"     },
  { "id": "cons-007", "name": "Carta forno",               "categoryKey": "consumabili", "defaultLocation": "dry"     },
  { "id": "cons-008", "name": "Sacchetti sottovuoto",      "categoryKey": "consumabili", "defaultLocation": "dry"     },
  { "id": "cons-009", "name": "Azoto liquido",             "categoryKey": "consumabili", "defaultLocation": "dry"     },
  { "id": "cons-010", "name": "Glucosio in polvere",       "categoryKey": "consumabili", "defaultLocation": "dry"     },
  { "id": "cons-011", "name": "Destrosio",                 "categoryKey": "consumabili", "defaultLocation": "dry"     },
  { "id": "cons-012", "name": "Pectina NH",                "categoryKey": "consumabili", "defaultLocation": "dry"     }
]
